<application>
  <component name="GeneralSettings">
    <option name="showTipsOnStartup" value="false" />
    <option name="reopenLastProject" value="false" />
    <option name="confirmOpenNewProject2" value="0" />
  </component>
  <component name="Registry">
    <entry key="ide.win.frame.decoration" value="true" />
    <entry key="vcs.log.show.diff.preview.as.editor.tab" value="true" />
    <entry key="ide.tree.expand.navigatable.on.double.click.disabled" value="true" />
    <entry key="ide.svg.icon" value="true" />
    <entry key="show.diff.preview.as.editor.tab" value="true" />
    <entry key="ide.experimental.ui" value="true" />
  </component>
</application>